{
  "accuracy": [
    0.17499999701976776,
    0.35624998807907104,
    0.4541666805744171,
    0.4854166805744171,
    0.5,
    0.5416666865348816,
    0.5854166746139526,
    0.550000011920929,
    0.5833333134651184,
    0.5916666388511658
  ],
  "val_accuracy": [
    0.16249999403953552,
    0.05624999850988388,
    0.13124999403953552,
    0.09375,
    0.3812499940395355,
    0.32499998807907104,
    0.13750000298023224,
    0.38749998807907104,
    0.543749988079071,
    0.3687500059604645
  ],
  "loss": [
    3.231689691543579,
    2.1868271827697754,
    1.8172088861465454,
    1.6607786417007446,
    1.5451624393463135,
    1.3971233367919922,
    1.342100739479065,
    1.3667771816253662,
    1.1837371587753296,
    1.2413058280944824
  ],
  "val_loss": [
    2.5453147888183594,
    2.204206943511963,
    2.1225638389587402,
    2.47943377494812,
    1.6714298725128174,
    1.7364572286605835,
    2.128265380859375,
    1.5264776945114136,
    1.2725956439971924,
    1.5424635410308838
  ]
}